{"fx": 636.499267578125, "fy": 635.9168701171875, "ppx": 644.4146728515625, "ppy": 407.7520751953125, "height": 800, "width": 1280, "depth_scale": 0.0010000000474974513}